,Frequency
Pre_553,14.0
Pre_2652,14.0
Pre_1451,14.0
Pre_225,14.0
Pre_719,14.0
Pre_2165,14.0
Pre_791,14.0
Pre_426,14.0
Pre_2039,15.0
Pre_2799,15.0
Pre_1015,15.0
Pre_31,16.0
Pre_2419,16.0
Pre_1907,17.0
Pre_2892,17.0
Pre_2837,17.0
Pre_1010,18.0
Pre_1991,18.0
Pre_297,18.0
Pre_1824,18.0
Pre_1643,18.0
Pre_1388,18.0
Pre_2595,19.0
Pre_2155,19.0
Pre_7,19.0
Pre_580,20.0
Pre_1963,20.0
Pre_852,20.0
Pre_2535,20.0
Pre_2442,20.0
Pre_1488,20.0
Pre_2073,21.0
Pre_2733,21.0
Pre_2150,21.0
Pre_2515,21.0
Pre_2801,21.0
Pre_2451,21.0
Pre_1772,21.0
Pre_23,21.0
Pre_1189,21.0
Pre_2732,21.0
Pre_232,22.0
Pre_1556,22.0
Pre_227,22.0
Pre_1831,22.0
Pre_18,22.0
Pre_1425,22.0
Pre_1397,22.0
Pre_2893,22.0
Pre_2370,22.0
Pre_2089,22.0
Pre_2031,22.0
Pre_2110,22.0
Pre_822,22.0
Pre_2825,22.0
Pre_2693,22.0
Pre_1468,22.0
Pre_1889,22.0
Pre_1389,22.0
Pre_2760,23.0
Pre_1473,23.0
Pre_2128,23.0
Pre_229,23.0
Pre_1814,23.0
Pre_1396,23.0
Pre_1238,23.0
Pre_2878,23.0
Pre_2302,23.0
Pre_2648,23.0
Pre_2541,23.0
Pre_928,23.0
Pre_1881,23.0
Pre_534,23.0
Pre_760,23.0
Pre_2441,23.0
Pre_1126,23.0
Pre_2582,24.0
Pre_1577,24.0
Pre_2667,24.0
Pre_2654,24.0
Pre_2632,24.0
Pre_1838,24.0
Pre_754,24.0
Pre_2511,24.0
Pre_228,24.0
Pre_1994,24.0
Pre_230,24.0
Pre_2267,24.0
Pre_2369,24.0
Pre_2145,24.0
Pre_1166,24.0
Pre_1452,24.0
Pre_2232,24.0
Pre_2079,25.0
Pre_1848,25.0
Pre_2629,25.0
Pre_1672,25.0
Pre_147,25.0
Pre_2542,25.0
Pre_1127,25.0
Pre_821,25.0
Pre_820,25.0
Pre_2800,25.0
Pre_2163,25.0
Pre_1133,25.0
Pre_2855,25.0
Pre_1726,25.0
Pre_1876,25.0
Pre_910,25.0
Pre_1826,25.0
Pre_1900,25.0
Pre_1561,25.0
Pre_813,26.0
Pre_282,26.0
Pre_1828,26.0
Pre_2653,26.0
Pre_47,26.0
Pre_2119,26.0
Pre_2789,26.0
Pre_1424,26.0
Pre_1791,26.0
Pre_2876,26.0
Pre_546,26.0
Pre_1169,26.0
Pre_1872,26.0
Pre_713,26.0
Pre_2218,26.0
Pre_2730,26.0
Pre_1641,26.0
Pre_2721,26.0
Pre_1660,27.0
Pre_2266,27.0
Pre_2650,27.0
Pre_2192,27.0
Pre_2701,27.0
Pre_1168,27.0
Pre_1307,27.0
Pre_2788,27.0
Pre_1456,27.0
Pre_1516,27.0
Pre_418,27.0
Pre_2466,27.0
Pre_1766,27.0
Pre_1851,28.0
Pre_2631,28.0
Pre_183,28.0
Pre_2339,28.0
Pre_1724,28.0
Pre_2095,28.0
Pre_1438,28.0
Pre_1605,28.0
Pre_1099,28.0
Pre_620,28.0
Pre_1949,28.0
Pre_2743,28.0
Pre_1723,28.0
Pre_1482,28.0
Pre_2065,28.0
Pre_2594,29.0
Pre_449,29.0
Pre_1961,29.0
Pre_1812,30.0
Pre_1272,31.0
Pre_1762,31.0
Pre_144,31.0
Pre_621,32.0
Pre_1849,32.0
Pre_2539,32.0
Pre_1481,32.0
Pre_2263,32.0
Pre_2004,32.0
Pre_2838,32.0
Pre_2563,32.0
Pre_2106,33.0
Pre_2587,33.0
Pre_1694,33.0
Pre_244,33.0
Pre_1911,33.0
Pre_1910,33.0
Pre_554,33.0
Pre_2856,33.0
Pre_738,33.0
Pre_1374,34.0
Pre_1622,34.0
Pre_680,34.0
Pre_1145,34.0
Pre_513,34.0
Pre_1973,34.0
Pre_745,35.0
Pre_2351,35.0
Pre_818,35.0
Pre_2371,35.0
Pre_77,35.0
Pre_1585,35.0
Pre_2819,35.0
Pre_1697,36.0
Pre_2645,36.0
Pre_1795,36.0
Pre_1740,36.0
Pre_1008,36.0
Pre_2137,36.0
Pre_1443,36.0
Pre_2651,36.0
Pre_262,37.0
Pre_1676,37.0
Pre_2422,37.0
Pre_1354,37.0
Pre_2744,37.0
Pre_2649,37.0
Pre_1223,37.0
Pre_311,37.0
Pre_87,38.0
Pre_246,38.0
Pre_1378,38.0
Pre_1974,38.0
Pre_1531,38.0
Pre_1491,39.0
Pre_2540,39.0
Pre_151,39.0
Pre_1850,39.0
Pre_2728,40.0
Pre_8,40.0
Pre_1198,40.0
Pre_1741,40.0
Pre_450,41.0
Pre_46,41.0
Pre_255,41.0
Pre_368,41.0
Pre_2409,41.0
Pre_1521,42.0
Pre_96,42.0
Pre_2796,42.0
Pre_265,42.0
Pre_2499,42.0
Pre_2487,42.0
Pre_1606,42.0
Pre_1164,42.0
Pre_927,42.0
Pre_1255,42.0
Pre_2621,43.0
Pre_1908,43.0
Pre_1218,43.0
Pre_1532,43.0
Pre_2481,44.0
Pre_308,45.0
Pre_1536,45.0
Pre_839,45.0
Pre_756,45.0
Pre_361,45.0
Pre_679,45.0
Pre_1995,46.0
Pre_819,46.0
Pre_1381,46.0
Pre_793,46.0
Pre_1345,47.0
Pre_2492,47.0
Pre_1813,47.0
Pre_2161,47.0
Pre_2581,47.0
Pre_397,48.0
Pre_711,48.0
Pre_28,48.0
Pre_2036,48.0
Pre_2340,48.0
Pre_2211,48.0
Pre_2117,48.0
Pre_774,48.0
Pre_718,48.0
Pre_1983,48.0
Pre_2668,49.0
Pre_2670,49.0
Pre_2212,49.0
Pre_1427,49.0
Pre_2697,49.0
Pre_172,50.0
Pre_526,50.0
Pre_2112,50.0
Pre_903,50.0
Pre_804,50.0
Pre_1669,50.0
Pre_2826,51.0
Pre_1573,51.0
Pre_174,51.0
Pre_2030,51.0
Pre_451,51.0
Pre_1303,51.0
Pre_1372,52.0
Pre_527,52.0
Pre_214,52.0
Pre_48,53.0
Pre_2244,53.0
Pre_2297,53.0
Pre_1160,53.0
Pre_260,53.0
Pre_2720,53.0
Pre_1117,54.0
Pre_1944,55.0
Pre_203,55.0
Pre_1475,55.0
Pre_2300,55.0
Pre_589,55.0
Pre_1543,55.0
Pre_588,55.0
Pre_1901,55.0
Pre_347,55.0
Pre_1435,56.0
Pre_2545,56.0
Pre_2691,56.0
Pre_2709,56.0
Pre_490,57.0
Pre_1029,57.0
Pre_773,57.0
Pre_751,58.0
Pre_1989,58.0
Pre_2486,59.0
Pre_1137,59.0
Pre_889,59.0
Pre_1341,59.0
Pre_539,59.0
Pre_568,59.0
Pre_1406,59.0
Pre_768,60.0
Pre_2392,61.0
Pre_312,61.0
Pre_2354,61.0
Pre_366,62.0
Pre_1729,62.0
Pre_2062,62.0
Pre_1207,62.0
Pre_117,62.0
Pre_1790,62.0
Pre_127,62.0
Pre_696,63.0
Pre_2239,63.0
Pre_2615,64.0
Pre_303,64.0
Pre_563,64.0
Pre_908,65.0
Pre_118,65.0
Pre_617,65.0
Pre_1657,65.0
Pre_1982,65.0
Pre_1390,65.0
Pre_1609,65.0
Pre_631,66.0
Pre_1569,66.0
Pre_1522,66.0
Pre_1652,66.0
Pre_958,66.0
Pre_212,66.0
Pre_1659,67.0
Pre_855,67.0
Pre_2000,67.0
Pre_1217,67.0
Pre_1651,67.0
Pre_684,67.0
Pre_1653,67.0
Pre_1654,67.0
Pre_1655,67.0
Pre_1656,67.0
Pre_1650,67.0
Pre_1658,67.0
Pre_1232,67.0
Pre_57,67.0
Pre_152,67.0
Pre_2690,67.0
Pre_2619,67.0
Pre_2647,67.0
Pre_2420,67.0
Pre_1898,68.0
Pre_2213,68.0
Pre_948,68.0
Pre_2045,68.0
Pre_2805,68.0
Pre_2269,68.0
Pre_2663,68.0
Pre_2003,68.0
Pre_2208,68.0
Pre_2363,68.0
Pre_45,69.0
Pre_1966,69.0
Pre_2646,69.0
Pre_1159,69.0
Pre_16,69.0
Pre_705,69.0
Pre_2238,69.0
Pre_2448,69.0
Pre_579,69.0
Pre_1670,70.0
Pre_1131,70.0
Pre_1052,70.0
Pre_1486,70.0
Pre_2301,70.0
Pre_528,70.0
Pre_56,71.0
Pre_1081,71.0
Pre_1540,71.0
Pre_809,71.0
Pre_2550,71.0
Pre_1629,72.0
Pre_2886,72.0
Pre_1544,72.0
Pre_1927,72.0
Pre_1350,72.0
Pre_2075,72.0
Pre_567,73.0
Pre_703,73.0
Pre_2306,73.0
Pre_482,73.0
Pre_1646,73.0
Pre_240,73.0
Pre_2504,74.0
Pre_812,74.0
Pre_1600,75.0
Pre_1028,75.0
Pre_2202,75.0
Pre_2439,75.0
Pre_157,75.0
Pre_704,75.0
Pre_318,76.0
Pre_1239,76.0
Pre_480,76.0
Pre_2497,76.0
Pre_1689,76.0
Pre_2076,76.0
Pre_375,76.0
Pre_2767,76.0
Pre_2221,76.0
Pre_578,77.0
Pre_2323,77.0
Pre_2809,77.0
Pre_365,77.0
Pre_1619,77.0
Pre_173,77.0
Pre_439,77.0
Pre_358,77.0
Pre_856,77.0
Pre_52,77.0
Pre_2551,77.0
Pre_473,77.0
Pre_826,77.0
Pre_1067,78.0
Pre_1500,78.0
Pre_1538,78.0
Pre_367,78.0
Pre_733,78.0
Pre_604,78.0
Pre_730,78.0
Pre_1464,79.0
Pre_726,79.0
Pre_565,79.0
Pre_1820,79.0
Pre_257,79.0
Pre_2498,79.0
Pre_1775,79.0
Pre_702,79.0
Pre_1912,79.0
Pre_635,79.0
Pre_636,79.0
Pre_701,79.0
Pre_261,79.0
Pre_2044,79.0
Pre_1777,79.0
Pre_686,79.0
Pre_2894,79.0
Pre_409,79.0
Pre_404,79.0
Pre_1138,79.0
Pre_405,79.0
Pre_410,79.0
Pre_2852,79.0
Pre_408,79.0
Pre_2432,79.0
Pre_2277,79.0
Pre_2769,80.0
Pre_2254,80.0
Pre_2252,80.0
Pre_1112,80.0
Pre_1056,80.0
Pre_370,80.0
Pre_2255,80.0
Pre_1000,80.0
Pre_2737,80.0
Pre_2759,80.0
Pre_1546,80.0
Pre_1163,80.0
Pre_639,80.0
Pre_15,80.0
Pre_401,80.0
Pre_1888,80.0
Pre_164,80.0
Pre_2608,80.0
Pre_2807,80.0
Pre_160,80.0
Pre_6,80.0
Pre_2433,80.0
Pre_2863,80.0
Pre_1317,80.0
Pre_2460,80.0
Pre_1462,80.0
Pre_964,80.0
Pre_2257,80.0
Pre_979,80.0
Pre_995,81.0
Pre_150,81.0
Pre_36,81.0
Pre_406,81.0
Pre_2111,81.0
Pre_2138,81.0
Pre_685,81.0
Pre_1016,81.0
Pre_1798,81.0
Pre_403,81.0
Pre_2636,81.0
Pre_2565,81.0
Pre_2186,81.0
Pre_690,82.0
Pre_2450,82.0
Pre_1146,82.0
Pre_165,82.0
Pre_640,82.0
Pre_412,82.0
Pre_698,82.0
Pre_448,82.0
Pre_279,82.0
Pre_222,82.0
Pre_411,82.0
Pre_1030,82.0
Pre_1679,83.0
Pre_2253,83.0
Pre_572,83.0
Pre_2033,83.0
Pre_2849,83.0
Pre_535,83.0
Pre_689,83.0
Pre_881,83.0
Pre_1295,83.0
Pre_2256,83.0
Pre_1593,83.0
Pre_1039,83.0
Pre_2750,83.0
Pre_1186,83.0
Pre_1187,83.0
Pre_1598,83.0
Pre_119,83.0
Pre_374,83.0
Pre_544,84.0
Pre_2059,84.0
Pre_2061,84.0
Pre_518,84.0
Pre_566,84.0
Pre_797,84.0
Pre_744,84.0
Pre_188,84.0
Pre_2018,84.0
Pre_2291,84.0
Pre_235,84.0
Pre_637,84.0
Pre_585,84.0
Pre_2135,84.0
Pre_402,84.0
Pre_2623,84.0
Pre_373,85.0
Pre_2523,85.0
Pre_2449,85.0
Pre_2803,85.0
Pre_2060,85.0
Pre_2708,85.0
Pre_2508,85.0
Pre_1326,85.0
Pre_398,85.0
Pre_2494,85.0
Pre_2262,85.0
Pre_495,85.0
Pre_2108,85.0
Pre_814,86.0
Pre_1225,86.0
Pre_441,86.0
Pre_252,86.0
Pre_234,86.0
Pre_1261,86.0
Pre_2572,86.0
Pre_1101,86.0
Pre_2675,86.0
Pre_1667,86.0
Pre_1626,86.0
Pre_2259,86.0
Pre_2066,86.0
Pre_991,86.0
Pre_2122,87.0
Pre_577,87.0
Pre_1526,87.0
Pre_2156,87.0
Pre_1383,87.0
Pre_2710,87.0
Pre_2258,87.0
Pre_1725,87.0
Pre_2236,87.0
Pre_1918,87.0
Pre_1447,87.0
Pre_2015,88.0
Pre_1395,88.0
Pre_2578,88.0
Pre_880,88.0
Pre_1394,88.0
Pre_1357,88.0
Pre_1471,88.0
Pre_2072,88.0
Pre_462,88.0
Pre_2571,88.0
Pre_999,88.0
Pre_1822,88.0
Pre_350,88.0
Pre_334,88.0
Pre_1614,88.0
Pre_276,88.0
Pre_1926,88.0
Pre_1224,88.0
Pre_869,88.0
Pre_1902,88.0
Pre_175,88.0
Pre_962,88.0
Pre_573,88.0
Pre_2342,89.0
Pre_587,89.0
Pre_430,89.0
Pre_1262,89.0
Pre_520,89.0
Pre_2209,89.0
Pre_2194,89.0
Pre_81,89.0
Pre_1867,89.0
Pre_216,89.0
Pre_1108,89.0
Pre_1449,89.0
Pre_1445,89.0
Pre_1477,89.0
Pre_1051,89.0
Pre_2465,89.0
Pre_1191,89.0
Pre_166,89.0
Pre_407,89.0
Pre_937,89.0
Pre_2074,89.0
Pre_2452,89.0
Pre_1373,89.0
Pre_1770,89.0
Pre_463,89.0
Pre_1304,89.0
Pre_645,89.0
Pre_872,89.0
Pre_874,89.0
Pre_871,89.0
Pre_519,89.0
Pre_873,89.0
Pre_870,89.0
Pre_497,90.0
Pre_1756,90.0
Pre_2447,90.0
Pre_1661,90.0
Pre_277,90.0
Pre_2290,90.0
Pre_1276,90.0
Pre_1868,90.0
Pre_1663,90.0
Pre_1058,90.0
Pre_1566,90.0
Pre_2754,90.0
Pre_13,90.0
Pre_1142,90.0
Pre_1417,91.0
Pre_1497,91.0
Pre_878,91.0
Pre_2761,91.0
Pre_1220,91.0
Pre_1458,91.0
Pre_1245,91.0
Pre_1866,91.0
Pre_210,91.0
Pre_1221,91.0
Pre_219,91.0
Pre_699,91.0
Pre_590,91.0
Pre_479,91.0
Pre_2562,91.0
Pre_2120,91.0
Pre_591,91.0
Pre_505,91.0
Pre_369,91.0
Pre_483,91.0
Pre_2806,92.0
Pre_2616,92.0
Pre_2665,92.0
Pre_551,92.0
Pre_1981,92.0
Pre_349,92.0
Pre_65,92.0
Pre_613,92.0
Pre_1470,92.0
Pre_2446,92.0
Pre_615,92.0
Pre_1264,92.0
Pre_2746,92.0
Pre_610,92.0
Pre_614,92.0
Pre_1870,93.0
Pre_1444,93.0
Pre_1765,93.0
Pre_1769,93.0
Pre_1298,93.0
Pre_1465,93.0
Pre_1976,93.0
Pre_2548,93.0
Pre_1594,93.0
Pre_2821,94.0
Pre_1980,94.0
Pre_1017,94.0
Pre_1356,94.0
Pre_105,94.0
Pre_595,94.0
Pre_104,94.0
Pre_1515,94.0
Pre_90,94.0
Pre_2022,94.0
Pre_931,94.0
Pre_1042,94.0
Pre_2474,94.0
Pre_388,94.0
Pre_2445,94.0
Pre_1506,94.0
Pre_2237,94.0
Pre_1969,94.0
Pre_1570,94.0
Pre_1290,94.0
Pre_1281,94.0
Pre_838,94.0
Pre_1228,94.0
Pre_2394,94.0
Pre_1278,95.0
Pre_2189,95.0
Pre_1457,95.0
Pre_2790,95.0
Pre_199,95.0
Pre_2393,95.0
Pre_2756,95.0
Pre_709,95.0
Pre_2159,95.0
Pre_1355,95.0
Pre_2715,95.0
Pre_1708,95.0
Pre_1709,95.0
Pre_2865,95.0
Pre_740,95.0
Pre_1446,95.0
Pre_1222,95.0
Pre_1549,95.0
Pre_469,95.0
Pre_120,95.0
Pre_2517,95.0
Pre_2753,95.0
Pre_859,96.0
Pre_1940,96.0
Pre_919,96.0
Pre_2483,96.0
Pre_1285,96.0
Pre_353,96.0
Pre_2762,96.0
Pre_1057,96.0
Pre_2204,96.0
Pre_1514,96.0
Pre_2162,96.0
Pre_1038,96.0
Pre_1879,96.0
Pre_1899,96.0
Pre_805,96.0
Pre_1548,96.0
Pre_1891,96.0
Pre_2400,96.0
Pre_912,96.0
Pre_1941,96.0
Pre_2853,96.0
Pre_1979,96.0
Pre_1302,96.0
Pre_1774,96.0
Pre_496,96.0
Pre_461,96.0
Pre_387,97.0
Pre_1999,97.0
Pre_1161,97.0
Pre_1937,97.0
Pre_205,97.0
Pre_1503,97.0
Pre_973,97.0
Pre_1139,97.0
Pre_752,97.0
Pre_1502,97.0
Pre_959,97.0
Pre_658,97.0
Pre_2824,97.0
Pre_1956,97.0
Pre_2235,97.0
Pre_1259,97.0
Pre_1411,97.0
Pre_1344,97.0
Pre_371,97.0
Pre_1721,97.0
Pre_248,97.0
Pre_1745,97.0
Pre_2644,97.0
Pre_1797,97.0
Pre_1968,97.0
Pre_2818,97.0
Pre_2591,97.0
Pre_1955,97.0
Pre_2738,98.0
Pre_1811,98.0
Pre_317,98.0
Pre_1005,98.0
Pre_310,98.0
Pre_14,98.0
Pre_305,98.0
Pre_1890,98.0
Pre_1803,98.0
Pre_2153,98.0
Pre_2115,98.0
Pre_2121,98.0
Pre_1519,98.0
Pre_808,98.0
Pre_75,98.0
Pre_146,98.0
Pre_2558,98.0
Pre_2786,98.0
Pre_2870,98.0
Pre_2325,98.0
Pre_2197,98.0
Pre_2770,98.0
Pre_34,98.0
Pre_458,98.0
Pre_204,98.0
Pre_1380,98.0
Pre_510,98.0
Pre_1055,98.0
Pre_960,98.0
Pre_76,98.0
Pre_2395,98.0
Pre_2461,98.0
Pre_285,98.0
Pre_2177,98.0
Pre_256,98.0
Pre_2064,98.0
Pre_428,99.0
Pre_1004,99.0
Pre_1440,99.0
Pre_2205,99.0
Pre_500,99.0
Pre_29,99.0
Pre_2751,99.0
Pre_2179,99.0
Pre_2438,99.0
Pre_606,99.0
Pre_2830,99.0
Pre_1310,99.0
Pre_1113,99.0
Pre_2176,99.0
Pre_2593,99.0
Pre_697,99.0
Pre_223,99.0
Pre_2107,99.0
Pre_2063,99.0
Pre_156,99.0
Pre_176,99.0
Pre_1597,99.0
Pre_2032,99.0
Pre_284,99.0
Pre_1861,99.0
Pre_1794,99.0
Pre_1815,99.0
Pre_2702,99.0
Pre_1409,100.0
Pre_1746,100.0
Pre_841,100.0
Pre_286,100.0
Pre_1251,100.0
Pre_2673,100.0
Pre_769,100.0
Pre_2435,100.0
Pre_2490,100.0
Pre_2178,100.0
Pre_1484,100.0
Pre_2797,100.0
Pre_1291,100.0
Pre_1716,100.0
Pre_1681,100.0
Pre_1685,100.0
Pre_2437,100.0
Pre_1293,100.0
Pre_1758,100.0
Pre_2816,100.0
Pre_2387,100.0
Pre_989,100.0
Pre_988,100.0
Pre_2260,100.0
Pre_1586,100.0
Pre_1825,100.0
Pre_2303,100.0
Pre_2154,100.0
Pre_2426,100.0
Pre_1787,100.0
Pre_1793,100.0
Pre_1590,100.0
Pre_2741,100.0
Pre_603,100.0
Pre_647,100.0
Pre_302,100.0
Pre_1581,100.0
Pre_1904,100.0
Pre_264,100.0
Pre_1308,100.0
Pre_1613,100.0
Pre_2381,100.0
Pre_825,101.0
Pre_1084,101.0
Pre_2268,101.0
Pre_316,101.0
Pre_200,101.0
Pre_1294,101.0
Pre_55,101.0
Pre_541,101.0
Pre_1418,101.0
Pre_2434,101.0
Pre_202,101.0
Pre_1407,101.0
Pre_233,101.0
Pre_201,101.0
Pre_457,101.0
Pre_2662,101.0
Pre_1332,101.0
Pre_618,101.0
Pre_2388,101.0
Pre_372,101.0
Pre_1227,101.0
Pre_2672,101.0
Pre_1564,101.0
Pre_1260,101.0
Pre_139,101.0
Pre_360,101.0
Pre_576,101.0
Pre_977,101.0
Pre_775,101.0
Pre_1463,102.0
Pre_2704,102.0
Pre_514,102.0
Pre_1524,102.0
Pre_107,102.0
Pre_1460,102.0
Pre_359,102.0
Pre_722,102.0
Pre_1319,102.0
Pre_298,102.0
Pre_267,102.0
Pre_2845,102.0
Pre_1781,102.0
Pre_2109,102.0
Pre_2293,102.0
Pre_1711,102.0
Pre_194,102.0
Pre_1288,102.0
Pre_2345,102.0
Pre_1489,102.0
Pre_1699,102.0
Pre_1584,103.0
Pre_1289,103.0
Pre_2552,103.0
Pre_1230,103.0
Pre_611,103.0
Pre_167,103.0
Pre_992,103.0
Pre_994,103.0
Pre_1011,103.0
Pre_1792,103.0
Pre_509,103.0
Pre_2341,103.0
Pre_215,103.0
Pre_2620,103.0
Pre_2884,103.0
Pre_218,103.0
Pre_2424,103.0
Pre_154,103.0
Pre_1869,103.0
Pre_1498,103.0
Pre_153,103.0
Pre_1922,103.0
Pre_1258,103.0
Pre_2428,103.0
Pre_1111,103.0
Pre_1292,103.0
Pre_1707,103.0
Pre_283,103.0
Pre_2368,103.0
Pre_1761,103.0
Pre_2053,103.0
Pre_2820,103.0
Pre_2344,103.0
Pre_386,103.0
Pre_2047,103.0
Pre_1273,103.0
Pre_840,103.0
Pre_2383,104.0
Pre_1242,104.0
Pre_2360,104.0
Pre_2384,104.0
Pre_171,104.0
Pre_1809,104.0
Pre_1066,104.0
Pre_197,104.0
Pre_1053,104.0
Pre_2735,104.0
Pre_2010,104.0
Pre_2103,104.0
Pre_1638,104.0
Pre_2264,104.0
Pre_64,104.0
Pre_649,104.0
Pre_648,104.0
Pre_1079,104.0
Pre_1250,105.0
Pre_1282,105.0
Pre_2729,105.0
Pre_1931,105.0
Pre_2148,105.0
Pre_93,105.0
Pre_2885,105.0
Pre_2,105.0
Pre_447,105.0
Pre_1636,105.0
Pre_2057,105.0
Pre_2136,105.0
Pre_1252,105.0
Pre_601,105.0
Pre_357,105.0
Pre_1031,105.0
Pre_1512,105.0
Pre_1206,105.0
Pre_1152,105.0
Pre_335,105.0
Pre_1371,105.0
Pre_1370,105.0
Pre_2813,105.0
Pre_1958,105.0
Pre_486,105.0
Pre_2295,105.0
Pre_867,105.0
Pre_1808,105.0
Pre_1351,105.0
Pre_2660,105.0
Pre_549,105.0
Pre_2436,105.0
Pre_924,105.0
Pre_1083,105.0
Pre_1455,105.0
Pre_1243,106.0
Pre_2386,106.0
Pre_484,106.0
Pre_1229,106.0
Pre_1340,106.0
Pre_1987,106.0
Pre_2201,106.0
Pre_1114,106.0
Pre_1704,106.0
Pre_659,106.0
Pre_1256,106.0
Pre_1947,106.0
Pre_1284,106.0
Pre_258,106.0
Pre_2472,106.0
Pre_2827,106.0
Pre_542,106.0
Pre_2289,107.0
Pre_1271,107.0
Pre_2052,107.0
Pre_2749,107.0
Pre_2054,107.0
Pre_2223,107.0
Pre_2470,107.0
Pre_1754,107.0
Pre_1,107.0
Pre_1078,107.0
Pre_1033,107.0
Pre_1032,107.0
Pre_1060,107.0
Pre_731,107.0
Pre_790,107.0
Pre_824,107.0
Pre_837,107.0
Pre_1125,107.0
Pre_575,107.0
Pre_85,107.0
Pre_393,107.0
Pre_765,107.0
Pre_655,107.0
Pre_922,107.0
Pre_1104,107.0
Pre_1140,107.0
Pre_465,107.0
Pre_657,108.0
Pre_795,108.0
Pre_2475,108.0
Pre_301,108.0
Pre_706,108.0
Pre_529,108.0
Pre_654,108.0
Pre_269,108.0
Pre_2037,108.0
Pre_2716,108.0
Pre_2711,108.0
Pre_2350,108.0
Pre_672,108.0
Pre_1441,108.0
Pre_1036,108.0
Pre_2288,108.0
Pre_155,108.0
Pre_213,108.0
Pre_1037,108.0
Pre_2098,108.0
Pre_2742,108.0
Pre_753,109.0
Pre_609,109.0
Pre_651,109.0
Pre_2763,109.0
Pre_2406,109.0
Pre_1050,109.0
Pre_380,109.0
Pre_2096,109.0
Pre_2858,109.0
Pre_2038,109.0
Pre_2048,109.0
Pre_2049,109.0
Pre_666,109.0
Pre_2168,109.0
Pre_1102,109.0
Pre_1998,109.0
Pre_676,109.0
Pre_772,109.0
Pre_1129,109.0
Pre_1751,109.0
Pre_2637,109.0
Pre_1720,109.0
Pre_1203,109.0
Pre_1776,109.0
Pre_466,109.0
Pre_1603,109.0
Pre_2320,109.0
Pre_2596,109.0
Pre_459,109.0
Pre_2869,109.0
Pre_1640,109.0
Pre_198,109.0
Pre_827,109.0
Pre_1871,109.0
Pre_2518,109.0
Pre_1226,109.0
Pre_32,109.0
Pre_942,109.0
Pre_1123,110.0
Pre_2686,110.0
Pre_1121,110.0
Pre_187,110.0
Pre_967,110.0
Pre_2659,110.0
Pre_653,110.0
Pre_1105,110.0
Pre_652,110.0
Pre_661,110.0
Pre_1120,110.0
Pre_2669,110.0
Pre_1027,110.0
Pre_2068,110.0
Pre_336,110.0
Pre_1024,110.0
Pre_2519,110.0
Pre_2482,110.0
Pre_2736,110.0
Pre_708,110.0
Pre_1069,110.0
Pre_2007,110.0
Pre_2464,110.0
Pre_2463,110.0
Pre_834,110.0
Pre_2712,110.0
Pre_1607,110.0
Pre_669,110.0
Pre_976,110.0
Pre_2507,110.0
Pre_667,110.0
Pre_1631,110.0
Pre_668,110.0
Pre_2319,110.0
Pre_2222,110.0
Pre_612,110.0
Pre_2396,110.0
Pre_2879,110.0
Pre_2184,110.0
Pre_2229,110.0
Pre_2180,110.0
Pre_1188,110.0
Pre_2321,110.0
Pre_2175,110.0
Pre_2143,110.0
Pre_2514,111.0
Pre_2142,111.0
Pre_515,111.0
Pre_1525,111.0
Pre_787,111.0
Pre_2242,111.0
Pre_1034,111.0
Pre_1035,111.0
Pre_1529,111.0
Pre_777,111.0
Pre_1504,111.0
Pre_1505,111.0
Pre_2382,111.0
Pre_1467,111.0
Pre_2473,111.0
Pre_1173,111.0
Pre_2001,111.0
Pre_1305,111.0
Pre_776,111.0
Pre_1176,111.0
Pre_2234,111.0
Pre_1048,111.0
Pre_1946,111.0
Pre_1296,111.0
Pre_771,111.0
Pre_501,111.0
Pre_1301,111.0
Pre_1555,111.0
Pre_2141,111.0
Pre_2471,111.0
Pre_2696,111.0
Pre_2639,111.0
Pre_1623,111.0
Pre_2640,111.0
Pre_1731,111.0
Pre_211,111.0
Pre_236,111.0
Pre_1249,111.0
Pre_1713,111.0
Pre_2685,111.0
Pre_179,111.0
Pre_1678,111.0
Pre_1677,111.0
Pre_2317,111.0
Pre_468,111.0
Pre_2557,111.0
Pre_2698,111.0
Pre_2280,111.0
Pre_1012,111.0
Pre_1009,111.0
Pre_132,111.0
Pre_1816,111.0
Pre_487,111.0
Pre_481,111.0
Pre_886,111.0
Pre_997,111.0
Pre_238,111.0
Pre_2700,111.0
Pre_1599,111.0
Pre_1601,111.0
Pre_2353,111.0
Pre_1780,111.0
Pre_2624,111.0
Pre_1274,111.0
Pre_946,111.0
Pre_665,111.0
Pre_2206,111.0
Pre_2147,111.0
Pre_638,111.0
Pre_2146,111.0
Pre_2398,111.0
Pre_395,111.0
Pre_1122,111.0
Pre_2443,111.0
Pre_2191,111.0
Pre_2087,111.0
Pre_2203,111.0
Pre_619,111.0
Pre_2429,111.0
Pre_947,111.0
Pre_1414,111.0
Pre_2407,111.0
Pre_1110,111.0
Pre_623,111.0
Pre_663,111.0
Pre_2071,111.0
Pre_431,111.0
Pre_1408,111.0
Pre_2456,111.0
Pre_2144,111.0
Pre_1459,111.0
Pre_602,112.0
Pre_983,112.0
Pre_885,112.0
Pre_985,112.0
Pre_1905,112.0
Pre_506,112.0
Pre_1109,112.0
Pre_2626,112.0
Pre_800,112.0
Pre_2864,112.0
Pre_498,112.0
Pre_2867,112.0
Pre_2868,112.0
Pre_1800,112.0
Pre_2602,112.0
Pre_2401,112.0
Pre_2872,112.0
Pre_420,112.0
Pre_990,112.0
Pre_2404,112.0
Pre_2397,112.0
Pre_178,112.0
Pre_682,112.0
Pre_920,112.0
Pre_2408,112.0
Pre_2768,112.0
Pre_725,112.0
Pre_1177,112.0
Pre_1977,112.0
Pre_470,112.0
Pre_522,112.0
Pre_2385,112.0
Pre_1119,112.0
Pre_444,112.0
Pre_2638,112.0
Pre_2512,112.0
Pre_1043,112.0
Pre_2403,113.0
Pre_268,113.0
Pre_135,113.0
Pre_2677,113.0
Pre_2890,113.0
Pre_266,113.0
Pre_440,113.0
Pre_474,113.0
Pre_2815,113.0
Pre_1773,113.0
Pre_1750,113.0
Pre_2417,113.0
Pre_2887,113.0
Pre_2274,113.0
Pre_884,113.0
Pre_2094,113.0
Pre_1358,113.0
Pre_1204,113.0
Pre_883,113.0
Pre_906,113.0
Pre_2348,113.0
Pre_1211,113.0
Pre_82,113.0
Pre_251,113.0
Pre_2265,113.0
Pre_536,113.0
Pre_2090,113.0
Pre_2362,113.0
Pre_1485,113.0
Pre_2230,113.0
Pre_2231,113.0
Pre_1450,113.0
Pre_110,113.0
Pre_1916,113.0
Pre_114,113.0
Pre_325,113.0
Pre_2399,113.0
Pre_2240,113.0
Pre_1439,113.0
Pre_2402,113.0
Pre_1334,113.0
Pre_384,113.0
Pre_1180,113.0
Pre_674,113.0
Pre_1192,113.0
Pre_2198,113.0
Pre_1279,113.0
Pre_2476,113.0
Pre_1550,113.0
Pre_823,113.0
Pre_2225,113.0
Pre_921,114.0
Pre_2140,114.0
Pre_943,114.0
Pre_622,114.0
Pre_1733,114.0
Pre_177,114.0
Pre_2462,114.0
Pre_569,114.0
Pre_2005,114.0
Pre_324,114.0
Pre_2379,114.0
Pre_2496,114.0
Pre_538,114.0
Pre_1682,114.0
Pre_914,114.0
Pre_2210,114.0
Pre_926,114.0
Pre_925,114.0
Pre_521,114.0
Pre_338,114.0
Pre_2327,114.0
Pre_724,114.0
Pre_934,114.0
Pre_2328,114.0
Pre_2513,114.0
Pre_1747,114.0
Pre_2543,114.0
Pre_882,114.0
Pre_1852,114.0
Pre_2171,114.0
Pre_2093,114.0
Pre_2609,114.0
Pre_1893,114.0
Pre_287,114.0
Pre_1833,114.0
Pre_274,114.0
Pre_2589,114.0
Pre_2092,114.0
Pre_695,114.0
Pre_854,114.0
Pre_491,114.0
Pre_905,114.0
Pre_656,114.0
Pre_1783,114.0
Pre_516,114.0
Pre_646,114.0
Pre_2285,114.0
Pre_321,114.0
Pre_2423,114.0
Pre_887,114.0
Pre_502,114.0
Pre_2425,114.0
Pre_2100,114.0
Pre_1913,114.0
Pre_598,114.0
Pre_438,114.0
Pre_2630,114.0
Pre_2521,114.0
Pre_475,114.0
Pre_273,114.0
Pre_2085,114.0
Pre_1115,114.0
Pre_1172,114.0
Pre_1171,114.0
Pre_1318,114.0
Pre_2848,114.0
Pre_1157,114.0
Pre_1156,114.0
Pre_1348,114.0
Pre_61,114.0
Pre_1132,114.0
Pre_1376,114.0
Pre_971,114.0
Pre_1124,114.0
Pre_69,114.0
Pre_1410,114.0
Pre_1412,114.0
Pre_1621,114.0
Pre_2792,114.0
Pre_2785,114.0
Pre_1615,114.0
Pre_2781,114.0
Pre_1608,114.0
Pre_1461,114.0
Pre_2758,114.0
Pre_2734,114.0
Pre_1013,114.0
Pre_2860,114.0
Pre_1175,114.0
Pre_1567,114.0
Pre_1299,114.0
Pre_1268,114.0
Pre_2682,114.0
Pre_951,114.0
Pre_2681,114.0
Pre_1265,114.0
Pre_1182,114.0
Pre_1201,114.0
Pre_1649,114.0
Pre_950,114.0
Pre_953,114.0
Pre_1181,114.0
Pre_1179,114.0
Pre_1178,114.0
Pre_1062,115.0
Pre_721,115.0
Pre_2875,115.0
Pre_2780,115.0
Pre_2287,115.0
Pre_2779,115.0
Pre_1065,115.0
Pre_2778,115.0
Pre_351,115.0
Pre_2014,115.0
Pre_741,115.0
Pre_694,115.0
Pre_743,115.0
Pre_1943,115.0
Pre_1953,115.0
Pre_1830,115.0
Pre_1835,115.0
Pre_275,115.0
Pre_278,115.0
Pre_460,115.0
Pre_2554,115.0
Pre_807,115.0
Pre_1954,115.0
Pre_2536,115.0
Pre_1541,115.0
Pre_1906,115.0
Pre_1026,115.0
Pre_1925,115.0
Pre_1936,115.0
Pre_378,115.0
Pre_1950,115.0
Pre_123,115.0
Pre_2874,115.0
Pre_2055,115.0
Pre_2782,115.0
Pre_493,115.0
Pre_1286,115.0
Pre_2160,115.0
Pre_1287,115.0
Pre_1144,115.0
Pre_2366,115.0
Pre_1343,115.0
Pre_437,115.0
Pre_2195,115.0
Pre_1162,115.0
Pre_429,115.0
Pre_2215,115.0
Pre_2217,115.0
Pre_1311,115.0
Pre_1297,115.0
Pre_1269,115.0
Pre_1085,115.0
Pre_2413,115.0
Pre_417,115.0
Pre_2783,115.0
Pre_2784,115.0
Pre_673,115.0
Pre_1300,115.0
Pre_2056,115.0
Pre_1093,115.0
Pre_391,115.0
Pre_392,115.0
Pre_2278,115.0
Pre_1419,115.0
Pre_80,115.0
Pre_79,115.0
Pre_72,115.0
Pre_1007,115.0
Pre_2810,115.0
Pre_1267,115.0
Pre_2671,115.0
Pre_2777,115.0
Pre_876,115.0
Pre_1753,115.0
Pre_1686,115.0
Pre_2676,115.0
Pre_1617,115.0
Pre_159,115.0
Pre_1805,115.0
Pre_877,115.0
Pre_933,115.0
Pre_2699,115.0
Pre_2705,115.0
Pre_969,115.0
Pre_2703,115.0
Pre_923,115.0
Pre_1579,115.0
Pre_2643,115.0
Pre_1639,115.0
Pre_891,115.0
Pre_1717,115.0
Pre_1779,115.0
Pre_1046,116.0
Pre_533,116.0
Pre_42,116.0
Pre_2182,116.0
Pre_2214,116.0
Pre_1094,116.0
Pre_2537,116.0
Pre_2078,116.0
Pre_2533,116.0
Pre_322,116.0
Pre_416,116.0
Pre_112,116.0
Pre_1405,116.0
Pre_2132,116.0
Pre_419,116.0
Pre_1041,116.0
Pre_221,116.0
Pre_2522,116.0
Pre_1413,116.0
Pre_1134,116.0
Pre_1103,116.0
Pre_2149,116.0
Pre_875,116.0
Pre_605,116.0
Pre_2405,116.0
Pre_1377,116.0
Pre_1865,116.0
Pre_972,116.0
Pre_650,116.0
Pre_145,116.0
Pre_2776,116.0
Pre_1834,116.0
Pre_1209,116.0
Pre_2771,116.0
Pre_1837,116.0
Pre_2284,116.0
Pre_454,116.0
Pre_1680,116.0
Pre_1244,116.0
Pre_982,116.0
Pre_2334,116.0
Pre_489,116.0
Pre_842,116.0
Pre_2889,116.0
Pre_2333,116.0
Pre_1847,116.0
Pre_1190,116.0
Pre_2664,116.0
Pre_2023,116.0
Pre_2683,116.0
Pre_2040,116.0
Pre_1236,116.0
Pre_181,116.0
Pre_1174,116.0
Pre_2555,116.0
Pre_1821,116.0
Pre_452,116.0
Pre_1400,117.0
Pre_97,117.0
Pre_1604,117.0
Pre_1074,117.0
Pre_978,117.0
Pre_2793,117.0
Pre_1003,117.0
Pre_904,117.0
Pre_385,117.0
Pre_1096,117.0
Pre_1077,117.0
Pre_688,117.0
Pre_2042,117.0
Pre_2798,117.0
Pre_1768,117.0
Pre_1727,117.0
Pre_2418,117.0
Pre_1645,117.0
Pre_1705,117.0
Pre_1703,117.0
Pre_1183,117.0
Pre_2241,117.0
Pre_436,117.0
Pre_1693,117.0
Pre_2358,117.0
Pre_1266,117.0
Pre_168,117.0
Pre_26,117.0
Pre_1213,117.0
Pre_1214,117.0
Pre_467,117.0
Pre_453,117.0
Pre_464,117.0
Pre_2330,117.0
Pre_1712,117.0
Pre_2421,117.0
Pre_1312,117.0
Pre_2207,117.0
Pre_2410,117.0
Pre_217,117.0
Pre_66,117.0
Pre_1630,117.0
Pre_1367,117.0
Pre_2152,117.0
Pre_607,117.0
Pre_1633,117.0
Pre_600,117.0
Pre_2489,117.0
Pre_44,117.0
Pre_2172,117.0
Pre_2173,117.0
Pre_1634,117.0
Pre_593,117.0
Pre_1635,117.0
Pre_915,117.0
Pre_432,117.0
Pre_98,117.0
Pre_1428,117.0
Pre_333,117.0
Pre_747,117.0
Pre_1557,117.0
Pre_122,117.0
Pre_750,117.0
Pre_2564,117.0
Pre_290,117.0
Pre_755,117.0
Pre_2553,117.0
Pre_1047,117.0
Pre_864,117.0
Pre_1554,117.0
Pre_1542,117.0
Pre_250,117.0
Pre_816,117.0
Pre_1948,117.0
Pre_2505,117.0
Pre_1021,117.0
Pre_2739,117.0
Pre_1582,117.0
Pre_1558,117.0
Pre_1846,117.0
Pre_288,117.0
Pre_2501,117.0
Pre_103,117.0
Pre_1592,117.0
Pre_2755,117.0
Pre_1587,117.0
Pre_846,117.0
Pre_1938,117.0
Pre_111,117.0
Pre_857,117.0
Pre_2583,117.0
Pre_323,117.0
Pre_1967,117.0
Pre_1025,117.0
Pre_1845,117.0
Pre_909,118.0
Pre_1136,118.0
Pre_2531,118.0
Pre_796,118.0
Pre_2823,118.0
Pre_1391,118.0
Pre_2614,118.0
Pre_974,118.0
Pre_1487,118.0
Pre_2520,118.0
Pre_1624,118.0
Pre_1107,118.0
Pre_643,118.0
Pre_68,118.0
Pre_644,118.0
Pre_1513,118.0
Pre_67,118.0
Pre_1737,118.0
Pre_304,118.0
Pre_186,118.0
Pre_596,118.0
Pre_1200,118.0
Pre_2357,118.0
Pre_2579,118.0
Pre_443,118.0
Pre_2718,118.0
Pre_2286,118.0
Pre_2871,118.0
Pre_1212,118.0
Pre_843,118.0
Pre_1215,118.0
Pre_945,118.0
Pre_2332,118.0
Pre_2316,118.0
Pre_17,118.0
Pre_1829,118.0
Pre_488,118.0
Pre_2365,118.0
Pre_929,118.0
Pre_806,118.0
Pre_1342,118.0
Pre_916,118.0
Pre_917,118.0
Pre_421,118.0
Pre_1637,118.0
Pre_2390,118.0
Pre_2857,118.0
Pre_1315,118.0
Pre_2216,118.0
Pre_2220,118.0
Pre_293,118.0
Pre_1580,118.0
Pre_180,118.0
Pre_2245,118.0
Pre_2174,118.0
Pre_2084,118.0
Pre_616,118.0
Pre_1045,118.0
Pre_2017,118.0
Pre_149,118.0
Pre_879,118.0
Pre_339,118.0
Pre_1095,118.0
Pre_92,118.0
Pre_99,118.0
Pre_715,118.0
Pre_340,118.0
Pre_1996,118.0
Pre_1092,118.0
Pre_742,118.0
Pre_2772,118.0
Pre_2773,118.0
Pre_894,118.0
Pre_1086,118.0
Pre_677,118.0
Pre_2050,118.0
Pre_1087,118.0
Pre_1939,118.0
Pre_2484,118.0
Pre_345,118.0
Pre_2034,118.0
Pre_902,118.0
Pre_337,118.0
Pre_1479,118.0
Pre_379,118.0
Pre_683,118.0
Pre_1080,118.0
Pre_1100,118.0
Pre_2791,118.0
Pre_377,119.0
Pre_1854,119.0
Pre_1853,119.0
Pre_185,119.0
Pre_2021,119.0
Pre_1184,119.0
Pre_2011,119.0
Pre_2247,119.0
Pre_1596,119.0
Pre_815,119.0
Pre_2367,119.0
Pre_128,119.0
Pre_980,119.0
Pre_1313,119.0
Pre_984,119.0
Pre_2026,119.0
Pre_1552,119.0
Pre_129,119.0
Pre_2684,119.0
Pre_2016,119.0
Pre_2561,119.0
Pre_1647,119.0
Pre_1664,119.0
Pre_2024,119.0
Pre_1710,119.0
Pre_2556,119.0
Pre_968,119.0
Pre_1778,119.0
Pre_981,119.0
Pre_2374,119.0
Pre_966,119.0
Pre_1420,119.0
Pre_1071,119.0
Pre_1985,119.0
Pre_131,119.0
Pre_133,119.0
Pre_1786,119.0
Pre_729,119.0
Pre_2304,119.0
Pre_850,119.0
Pre_2307,119.0
Pre_2308,119.0
Pre_848,119.0
Pre_1061,119.0
Pre_272,119.0
Pre_1241,119.0
Pre_1219,119.0
Pre_455,119.0
Pre_1818,119.0
Pre_1978,119.0
Pre_134,119.0
Pre_1832,119.0
Pre_19,119.0
Pre_130,119.0
Pre_1559,119.0
Pre_1283,119.0
Pre_2866,119.0
Pre_1690,119.0
Pre_2361,119.0
Pre_2029,119.0
Pre_1469,119.0
Pre_1070,119.0
Pre_2364,119.0
Pre_932,119.0
Pre_2580,119.0
Pre_1574,119.0
Pre_162,119.0
Pre_1560,119.0
Pre_1675,119.0
Pre_716,119.0
Pre_1970,119.0
Pre_2493,119.0
Pre_280,119.0
Pre_1197,119.0
Pre_294,119.0
Pre_2389,119.0
Pre_109,119.0
Pre_1736,119.0
Pre_670,119.0
Pre_671,119.0
Pre_2414,119.0
Pre_2688,119.0
Pre_2412,119.0
Pre_2411,119.0
Pre_2747,119.0
Pre_1942,119.0
Pre_2133,119.0
Pre_2500,119.0
Pre_784,119.0
Pre_253,119.0
Pre_1730,119.0
Pre_2139,119.0
Pre_425,119.0
Pre_63,119.0
Pre_675,119.0
Pre_767,119.0
Pre_2694,119.0
Pre_1118,119.0
Pre_1517,119.0
Pre_396,119.0
Pre_2082,119.0
Pre_2077,119.0
Pre_2431,119.0
Pre_2430,119.0
Pre_2795,119.0
Pre_660,119.0
Pre_1932,119.0
Pre_2091,119.0
Pre_1366,119.0
Pre_1098,119.0
Pre_770,119.0
Pre_400,119.0
Pre_907,119.0
Pre_2427,119.0
Pre_78,119.0
Pre_2101,119.0
Pre_2102,119.0
Pre_108,119.0
Pre_1097,119.0
Pre_868,119.0
Pre_1365,119.0
Pre_1817,119.0
Pre_2706,119.0
Pre_1141,119.0
Pre_801,119.0
Pre_2169,119.0
Pre_423,119.0
Pre_1158,119.0
Pre_2549,119.0
Pre_1154,119.0
Pre_422,119.0
Pre_2041,119.0
Pre_890,119.0
Pre_681,119.0
Pre_1877,119.0
Pre_1082,119.0
Pre_1882,119.0
Pre_2170,119.0
Pre_1135,119.0
Pre_2833,119.0
Pre_599,119.0
Pre_1545,119.0
Pre_691,119.0
Pre_1360,119.0
Pre_571,119.0
Pre_1361,119.0
Pre_678,119.0
Pre_62,119.0
Pre_996,119.0
Pre_2199,119.0
Pre_1363,119.0
Pre_1362,119.0
Pre_100,120.0
Pre_427,120.0
Pre_2854,120.0
Pre_2590,120.0
Pre_2846,120.0
Pre_2658,120.0
Pre_2689,120.0
Pre_2570,120.0
Pre_314,120.0
Pre_73,120.0
Pre_2862,120.0
Pre_2529,120.0
Pre_319,120.0
Pre_101,120.0
Pre_328,120.0
Pre_2373,120.0
Pre_2574,120.0
Pre_327,120.0
Pre_326,120.0
Pre_2376,120.0
Pre_136,120.0
Pre_170,120.0
Pre_2378,120.0
Pre_445,120.0
Pre_2343,120.0
Pre_126,120.0
Pre_291,120.0
Pre_2526,120.0
Pre_1442,120.0
Pre_794,120.0
Pre_1810,120.0
Pre_1064,120.0
Pre_1072,120.0
Pre_1644,120.0
Pre_955,120.0
Pre_1075,120.0
Pre_2200,120.0
Pre_508,120.0
Pre_1399,120.0
Pre_2227,120.0
Pre_700,120.0
Pre_1665,120.0
Pre_641,120.0
Pre_898,120.0
Pre_1436,120.0
Pre_532,120.0
Pre_1421,120.0
Pre_1719,120.0
Pre_1706,120.0
Pre_918,120.0
Pre_1784,120.0
Pre_2276,120.0
Pre_998,120.0
Pre_1924,120.0
Pre_627,120.0
Pre_626,120.0
Pre_781,120.0
Pre_780,120.0
Pre_1275,120.0
Pre_1883,120.0
Pre_1565,120.0
Pre_1923,120.0
Pre_472,120.0
Pre_1863,120.0
Pre_1714,120.0
Pre_2099,120.0
Pre_2298,120.0
Pre_1842,120.0
Pre_2113,121.0
Pre_662,121.0
Pre_2713,121.0
Pre_1578,121.0
Pre_148,121.0
Pre_356,121.0
Pre_2532,121.0
Pre_415,121.0
Pre_2086,121.0
Pre_414,121.0
Pre_970,121.0
Pre_2088,121.0
Pre_169,121.0
Pre_161,121.0
Pre_413,121.0
Pre_2081,121.0
Pre_2634,121.0
Pre_1718,121.0
Pre_2525,121.0
Pre_2524,121.0
Pre_802,121.0
Pre_1915,121.0
Pre_1917,121.0
Pre_1921,121.0
Pre_299,121.0
Pre_1862,121.0
Pre_2503,121.0
Pre_831,121.0
Pre_764,121.0
Pre_1951,121.0
Pre_1841,121.0
Pre_1840,121.0
Pre_2657,121.0
Pre_1971,121.0
Pre_2491,121.0
Pre_732,121.0
Pre_862,121.0
Pre_863,121.0
Pre_2612,121.0
Pre_1992,121.0
Pre_254,121.0
Pre_2479,121.0
Pre_249,121.0
Pre_344,121.0
Pre_237,121.0
Pre_1739,121.0
Pre_911,121.0
Pre_208,121.0
Pre_1839,121.0
Pre_2416,121.0
Pre_642,121.0
Pre_634,121.0
Pre_1088,121.0
Pre_442,121.0
Pre_91,121.0
Pre_433,121.0
Pre_89,121.0
Pre_2228,121.0
Pre_88,121.0
Pre_1185,121.0
Pre_512,121.0
Pre_84,121.0
Pre_83,121.0
Pre_434,121.0
Pre_2310,121.0
Pre_1403,121.0
Pre_2804,121.0
Pre_74,121.0
Pre_1130,121.0
Pre_446,121.0
Pre_2843,121.0
Pre_60,121.0
Pre_2359,121.0
Pre_59,121.0
Pre_1143,121.0
Pre_471,121.0
Pre_2832,121.0
Pre_2841,121.0
Pre_1402,121.0
Pre_548,121.0
Pre_540,121.0
Pre_1333,121.0
Pre_1040,121.0
Pre_1247,121.0
Pre_1511,121.0
Pre_113,121.0
Pre_2391,121.0
Pre_30,121.0
Pre_1023,121.0
Pre_2765,121.0
Pre_1480,121.0
Pre_2134,121.0
Pre_1534,121.0
Pre_1533,121.0
Pre_1063,121.0
Pre_2329,121.0
Pre_1019,121.0
Pre_1194,121.0
Pre_633,121.0
Pre_2190,121.0
Pre_424,121.0
Pre_2331,121.0
Pre_1478,121.0
Pre_315,122.0
Pre_1216,122.0
Pre_1237,122.0
Pre_2842,122.0
Pre_1880,122.0
Pre_1858,122.0
Pre_40,122.0
Pre_39,122.0
Pre_38,122.0
Pre_803,122.0
Pre_37,122.0
Pre_1170,122.0
Pre_1885,122.0
Pre_313,122.0
Pre_1864,122.0
Pre_33,122.0
Pre_1844,122.0
Pre_1248,122.0
Pre_895,122.0
Pre_2592,122.0
Pre_1018,122.0
Pre_1551,122.0
Pre_1562,122.0
Pre_1002,122.0
Pre_1044,122.0
Pre_102,122.0
Pre_1059,122.0
Pre_1595,122.0
Pre_975,122.0
Pre_158,122.0
Pre_1620,122.0
Pre_1648,122.0
Pre_956,122.0
Pre_43,122.0
Pre_952,122.0
Pre_1691,122.0
Pre_1432,122.0
Pre_913,122.0
Pre_206,122.0
Pre_901,122.0
Pre_125,122.0
Pre_2808,122.0
Pre_1788,122.0
Pre_1128,122.0
Pre_1368,122.0
Pre_263,122.0
Pre_2828,122.0
Pre_861,122.0
Pre_1454,122.0
Pre_2315,122.0
Pre_853,122.0
Pre_2527,122.0
Pre_766,122.0
Pre_523,122.0
Pre_524,122.0
Pre_1945,122.0
Pre_758,122.0
Pre_632,122.0
Pre_2415,122.0
Pre_2105,122.0
Pre_503,122.0
Pre_2488,122.0
Pre_2070,122.0
Pre_2528,122.0
Pre_664,122.0
Pre_2058,122.0
Pre_2035,122.0
Pre_355,122.0
Pre_2020,122.0
Pre_2012,122.0
Pre_2104,122.0
Pre_485,122.0
Pre_693,122.0
Pre_2296,122.0
Pre_2322,122.0
Pre_320,122.0
Pre_2312,122.0
Pre_456,122.0
Pre_1903,122.0
Pre_2305,122.0
Pre_2299,122.0
Pre_2337,122.0
Pre_786,122.0
Pre_2275,122.0
Pre_1728,123.0
Pre_389,123.0
Pre_1616,123.0
Pre_2318,123.0
Pre_2752,123.0
Pre_1472,123.0
Pre_137,123.0
Pre_734,123.0
Pre_2617,123.0
Pre_1535,123.0
Pre_2774,123.0
Pre_1210,123.0
Pre_710,123.0
Pre_1930,123.0
Pre_1359,123.0
Pre_41,123.0
Pre_1433,123.0
Pre_511,123.0
Pre_1571,123.0
Pre_2469,123.0
Pre_1715,124.0
Pre_1208,124.0
Pre_1698,124.0
Pre_25,124.0
Pre_376,124.0
Pre_1591,124.0
Pre_24,124.0
Pre_2678,124.0
Pre_2695,124.0
Pre_2680,124.0
Pre_381,124.0
Pre_1589,124.0
Pre_399,124.0
Pre_2270,124.0
Pre_2097,124.0
Pre_2355,124.0
Pre_2834,124.0
Pre_1393,124.0
Pre_2812,124.0
Pre_2250,124.0
Pre_2836,124.0
Pre_2249,124.0
Pre_2248,124.0
Pre_2375,124.0
Pre_1090,124.0
Pre_543,124.0
Pre_1076,124.0
Pre_1466,124.0
Pre_2166,124.0
Pre_597,124.0
Pre_1510,124.0
Pre_2164,124.0
Pre_1527,124.0
Pre_124,124.0
Pre_1306,124.0
Pre_2356,124.0
Pre_1547,124.0
Pre_1553,124.0
Pre_1233,124.0
Pre_1054,124.0
Pre_1583,124.0
Pre_1734,124.0
Pre_1801,124.0
Pre_1919,124.0
Pre_2534,124.0
Pre_785,124.0
Pre_1859,124.0
Pre_2006,124.0
Pre_1993,124.0
Pre_2611,124.0
Pre_1843,124.0
Pre_1897,124.0
Pre_2530,124.0
Pre_2573,124.0
Pre_1819,124.0
Pre_836,124.0
Pre_1857,124.0
Pre_1474,125.0
Pre_2335,125.0
Pre_1073,125.0
Pre_35,125.0
Pre_1732,125.0
Pre_547,125.0
Pre_582,125.0
Pre_2185,125.0
Pre_2575,125.0
Pre_1483,125.0
Pre_1089,125.0
Pre_1537,125.0
Pre_2748,125.0
Pre_1823,125.0
Pre_608,125.0
Pre_2157,125.0
Pre_2861,125.0
Pre_2588,125.0
Pre_2183,125.0
Pre_2158,125.0
Pre_1836,125.0
Pre_739,125.0
Pre_748,125.0
Pre_1499,125.0
Pre_1049,125.0
Pre_584,125.0
Pre_1309,125.0
Pre_844,125.0
Pre_835,125.0
Pre_2544,125.0
Pre_1324,125.0
Pre_292,125.0
Pre_70,125.0
Pre_2292,125.0
Pre_2349,125.0
Pre_2817,125.0
Pre_1382,125.0
Pre_2279,125.0
Pre_2547,125.0
Pre_2261,125.0
Pre_1364,125.0
Pre_1353,125.0
Pre_476,125.0
Pre_2509,125.0
Pre_811,125.0
Pre_2831,125.0
Pre_2811,125.0
Pre_1116,125.0
Pre_71,125.0
Pre_507,125.0
Pre_1920,125.0
Pre_624,125.0
Pre_2568,125.0
Pre_2567,125.0
Pre_300,125.0
Pre_1422,125.0
Pre_832,125.0
Pre_537,125.0
Pre_1855,125.0
Pre_1404,125.0
Pre_435,125.0
Pre_2246,125.0
Pre_1401,125.0
Pre_1331,125.0
Pre_2546,125.0
Pre_2294,125.0
Pre_2372,125.0
Pre_625,125.0
Pre_1020,125.0
Pre_1884,125.0
Pre_390,125.0
Pre_1796,125.0
Pre_1789,125.0
Pre_1539,125.0
Pre_1202,125.0
Pre_1997,125.0
Pre_2043,125.0
Pre_1785,125.0
Pre_687,125.0
Pre_2028,125.0
Pre_2674,125.0
Pre_2883,125.0
Pre_1896,125.0
Pre_949,125.0
Pre_348,125.0
Pre_364,125.0
Pre_940,125.0
Pre_352,125.0
Pre_209,125.0
Pre_900,125.0
Pre_207,125.0
Pre_692,125.0
Pre_2457,125.0
Pre_1618,125.0
Pre_2025,125.0
Pre_2454,125.0
Pre_2635,125.0
Pre_2453,125.0
Pre_2314,125.0
Pre_2666,125.0
Pre_20,125.0
Pre_2468,125.0
Pre_1270,125.0
Pre_1625,125.0
Pre_1612,125.0
Pre_1199,125.0
Pre_2485,125.0
Pre_1572,125.0
Pre_2311,125.0
Pre_1006,125.0
Pre_2603,125.0
Pre_2601,125.0
Pre_2610,125.0
Pre_2731,125.0
Pre_2114,125.0
Pre_1014,125.0
Pre_1193,125.0
Pre_860,125.0
Pre_2309,125.0
Pre_847,125.0
Pre_810,125.0
Pre_2599,125.0
Pre_2714,125.0
Pre_1147,125.0
Pre_2613,125.0
Pre_1611,125.0
Pre_138,125.0
Pre_714,125.0
Pre_1610,125.0
Pre_143,125.0
Pre_1986,125.0
Pre_986,125.0
Pre_2336,126.0
Pre_2313,126.0
Pre_2835,126.0
Pre_778,126.0
Pre_2510,126.0
Pre_1235,126.0
Pre_1196,126.0
Pre_1205,126.0
Pre_779,126.0
Pre_2324,126.0
Pre_1327,126.0
Pre_2877,126.0
Pre_2881,126.0
Pre_1277,126.0
Pre_2891,126.0
Pre_1195,126.0
Pre_581,126.0
Pre_1929,126.0
Pre_987,126.0
Pre_2069,126.0
Pre_2067,126.0
Pre_2618,126.0
Pre_866,126.0
Pre_1628,126.0
Pre_963,126.0
Pre_961,126.0
Pre_957,126.0
Pre_2679,126.0
Pre_1782,126.0
Pre_2008,126.0
Pre_954,126.0
Pre_2027,126.0
Pre_936,126.0
Pre_935,126.0
Pre_930,126.0
Pre_2455,126.0
Pre_2458,126.0
Pre_899,126.0
Pre_354,126.0
Pre_993,126.0
Pre_1001,126.0
Pre_1984,126.0
Pre_2116,126.0
Pre_2502,126.0
Pre_1860,126.0
Pre_504,126.0
Pre_1392,126.0
Pre_2814,126.0
Pre_1398,126.0
Pre_2560,126.0
Pre_1856,126.0
Pre_1106,126.0
Pre_295,126.0
Pre_1423,126.0
Pre_2380,126.0
Pre_2569,126.0
Pre_281,126.0
Pre_2196,126.0
Pre_583,126.0
Pre_757,126.0
Pre_845,126.0
Pre_1022,126.0
Pre_737,126.0
Pre_2377,126.0
Pre_1234,126.0
Pre_2847,127.0
Pre_574,127.0
